iter	Logloss
0	0.5069150963
1	0.4625356696
2	0.4459753376
